preservation_method,taxa_clean,individual_count,wm_shell_on_g,wm_g,dm_g,afdm_g
Frozen,Capitella,7,,0.076842684,0.035308526,0.028887398
Frozen,Amphipoda,22,,0.227431662,0.096155584,0.070013523
Frozen,Capitella,9,,0.09153825,0.038808774,0.027046313
Frozen,Capitella,11,,0.117961925,0.046070587,0.035827803
Frozen,Capitella,13,,0.138986007,0.047720481,0.032809311
Frozen,Capitella,9,,0.089322022,0.045188075,0.029774804
Frozen,Capitella,12,,0.125572953,0.042201702,0.032661126
Frozen,Capitella,11,,0.113080883,0.047143781,0.033714941
Frozen,Capitella,11,,0.114823652,0.046530933,0.033288459
Frozen,Capitella,9,,0.091630074,0.039590618,0.028455331
Frozen,Capitella,8,,0.083484438,0.037917324,0.027896796
Frozen,Capitella,13,,0.129858516,0.04145689,0.031085136
Frozen,Capitella,12,,0.126299407,0.053350699,0.036915958
Frozen,Capitella,9,,0.092069567,0.040092243,0.03342324
Frozen,Capitella,8,,0.080275577,0.035160987,0.024807779
Frozen,Capitella,12,,0.123644621,0.04469625,0.0349642
Frozen,Capitella,10,,0.107041132,0.032730873,0.024198094
Frozen,Capitella,15,,0.157520257,0.053008819,0.037469825
Frozen,Capitella,8,,0.087372603,0.046066188,0.034218047
Frozen,Capitella,8,,0.086880404,0.037425188,0.026669237
Frozen,Capitella,12,,0.12719979,0.051142448,0.036883001
Frozen,Capitella,11,,0.108364106,0.030250289,0.024228492
Frozen,Capitella,12,,0.123709585,0.036819455,0.027932914
Frozen,Capitella,10,,0.103113888,0.057686947,0.039570921
Frozen,Capitella,10,,0.106240723,0.04291783,0.032389367
Frozen,Capitella,10,,0.10698531,0.04947753,0.035749312
Frozen,Capitella,6,,0.066676805,0.030049951,0.027856493
Frozen,Capitella,11,,0.115158173,0.034834533,0.0289412
Frozen,Capitella,7,,0.073685785,0.040160533,0.028730126
Frozen,Capitella,10,,0.100790015,0.046014519,0.033436198
Frozen,Capitella,8,,0.08032681,0.031803259,0.030010962
Frozen,Capitella,5,,0.050453393,0.034505517,0.022752435
Frozen,Capitella,10,,0.106938352,0.041994033,0.033986022
Frozen,Capitella,8,,0.07795775,0.036133788,0.028121434
Frozen,Capitella,8,,0.087231526,0.041651028,0.029821809
Frozen,Amphipoda,15,,0.1531421,0.088507243,0.066151306
Frozen,Amphipoda,17,,0.174227404,0.084456758,0.058350625
Frozen,Amphipoda,19,,0.191936558,0.089918368,0.066638234
Frozen,Amphipoda,17,,0.17401432,0.08491041,0.073170876
Frozen,Amphipoda,19,,0.195461641,0.096283877,0.07474349
Frozen,Amphipoda,19,,0.196624757,0.07430008,0.053765613
Frozen,Amphipoda,24,,0.244510144,0.090242556,0.064384878
Frozen,Amphipoda,17,,0.174009196,0.083688997,0.063543639
Frozen,Amphipoda,17,,0.173300475,0.097364555,0.06565202
Frozen,Amphipoda,20,,0.206328608,0.106341708,0.077263946
Frozen,Amphipoda,21,,0.209627672,0.09687256,0.061534034
Frozen,Amphipoda,24,,0.239065912,0.099608867,0.070158356
Frozen,Amphipoda,20,,0.199136755,0.101452413,0.065023684
Frozen,Amphipoda,23,,0.236908251,0.097995827,0.071784595
Frozen,Amphipoda,13,,0.133428725,0.10026565,0.075006532
Frozen,Amphipoda,18,,0.186478335,0.101450051,0.074744884
Frozen,Amphipoda,14,,0.142531176,0.063389166,0.057566071
Frozen,Amphipoda,30,,0.305960997,0.105683091,0.067003793
Frozen,Amphipoda,25,,0.247634588,0.108285101,0.080745525
Frozen,Amphipoda,26,,0.266473366,0.099207929,0.065307639
Frozen,Amphipoda,19,,0.195782688,0.081456248,0.054393228
Frozen,Amphipoda,17,,0.175388752,0.089837022,0.066557897
Frozen,Amphipoda,15,,0.156029343,0.088759069,0.067586761
Frozen,Amphipoda,26,,0.25830698,0.12175245,0.089259005
Frozen,Amphipoda,17,,0.169718486,0.081849273,0.061592485
Frozen,Amphipoda,24,,0.244364295,0.115650167,0.077271491
Frozen,Amphipoda,21,,0.214689367,0.107278279,0.088359446
Frozen,Amphipoda,11,,0.112714675,0.065135567,0.058110277
Frozen,Amphipoda,22,,0.224681163,0.078624427,0.057768577
Frozen,Amphipoda,18,,0.181243698,0.091346386,0.061100225
Frozen,Amphipoda,23,,0.233028196,0.094760886,0.060700309
Frozen,Amphipoda,20,,0.205653524,0.080403446,0.06373879
Frozen,Amphipoda,9,,0.097212225,0.054051531,0.052269748
Frozen,Amphipoda,26,,0.263437909,0.101752533,0.073111947
Frozen,Amphipoda,22,,0.225960727,0.106731956,0.078562287
Frozen,Amphipoda,11,,0.112645584,0.079469183,0.071284406
Frozen,Amphipoda,22,,0.228408173,0.080636881,0.067460645
Frozen,Amphipoda,22,,0.226853771,0.093105734,0.068881046
Frozen,Amphipoda,11,,0.110008491,0.076020279,0.058052508
Frozen,Amphipoda,21,,0.210702682,0.12044296,0.082687159
Frozen,Amphipoda,21,,0.216876244,0.080402297,0.050107377
Frozen,Amphipoda,25,,0.255855381,0.085570723,0.065008671
Frozen,Amphipoda,22,,0.219783304,0.109913364,0.067213876
Frozen,Amphipoda,22,,0.224883122,0.093172666,0.061287281
Frozen,Amphipoda,20,,0.207629761,0.082305522,0.060711769
Frozen,Amphipoda,21,,0.217060044,0.102660346,0.069336795
Frozen,Amphipoda,17,,0.172540507,0.068184956,0.046354409
Frozen,Amphipoda,15,,0.151625877,0.082254403,0.060763392
Frozen,Amphipoda,28,,0.283909608,0.095132338,0.076107584
Frozen,Amphipoda,30,,0.302223484,0.102195802,0.078800807
Frozen,Amphipoda,21,,0.207995274,0.08691626,0.063908326
Frozen,Amphipoda,24,,0.238886825,0.101378113,0.076928519
Frozen,Amphipoda,20,,0.202291186,0.075836471,0.05354248
Frozen,Amarinus laevis,1,,0.395697169,0.075612013,
Frozen,Amarinus laevis,1,,1.11617229,0.092795419,
Frozen,Spisula,49,3.150376863,0.493238078,0.255236466,0.144735698
Frozen,Spisula,58,3.22643359,0.580137273,0.236815416,0.130092965
Frozen,Spisula,67,3.901247684,0.678286593,0.239678791,0.139881168
Frozen,Spisula,41,2.505893685,0.413386421,0.243649176,0.147669035
Frozen,Spisula,53,3.222963753,0.532089623,0.258595787,0.1426484
Frozen,Spisula,43,2.713762507,0.434344552,0.244466405,0.144819271
Frozen,Spisula,46,2.913109571,0.467236363,0.214857122,0.122210778
Frozen,Spisula,46,2.837938895,0.459417699,0.131331318,0.086650158
Frozen,Capitella,6,,0.06117197,0.039801049,0.029667902
Frozen,Capitella,10,,0.105102131,0.042160386,0.030021206
Frozen,Capitella,9,,0.09401725,0.045968024,0.030957251
Frozen,Capitella,10,,0.101794969,0.035425951,0.029695601
Frozen,Capitella,10,,0.103982402,0.038370533,0.029703855
Frozen,Capitella,10,,0.104130106,0.036379838,0.02300661
Frozen,Capitella,10,,0.097682496,0.041157979,0.029671522
Frozen,Capitella,12,,0.12019898,0.043400244,0.030390653
Frozen,Capitella,7,,0.078049162,0.030622019,0.024351786
Frozen,Capitella,10,,0.101931638,0.044565229,0.031439086
Frozen,Capitella,10,,0.106448706,0.041843137,0.028560135
Frozen,Capitella,9,,0.090956476,0.04461149,0.03245307
Frozen,Capitella,12,,0.117247585,0.037398257,0.027598321
Frozen,Capitella,10,,0.103393937,0.049800582,0.03312486
Frozen,Capitella,11,,0.108834292,0.042539129,0.033255736
Frozen,Capitella,10,,0.100467322,0.0288233,0.024396011
Frozen,Capitella,10,,0.098935923,0.039829608,0.030968545
Frozen,Capitella,7,,0.06857192,0.043260046,0.035824876
Frozen,Capitella,9,,0.090742293,0.037427264,0.030966381
Frozen,Capitella,12,,0.118176173,0.04176097,0.03217245
Frozen,Capitella,8,,0.087059819,0.048615225,0.034127569
Frozen,Capitella,6,,0.061404956,0.040695815,0.031770834
Frozen,Capitella,6,,0.06115662,0.029887331,0.024694758
Frozen,Capitella,7,,0.06863055,0.026283057,0.023324704
Frozen,Capitella,7,,0.076742671,0.031804682,0.025665942
Frozen,Capitella,7,,0.074279053,0.044446642,0.029965373
Frozen,Capitella,8,,0.085776716,0.033028695,0.029329978
Frozen,Capitella,7,,0.06982913,0.038159745,0.032453054
Frozen,Capitella,11,,0.116594005,0.04706077,0.032737591
Frozen,Capitella,10,,0.099712079,0.041115204,0.033218578
Frozen,Capitella,11,,0.111979556,0.049679827,0.035012901
Frozen,Capitella,12,,0.123402757,0.046536488,0.033174797
Frozen,Capitella,9,,0.08856911,0.049841396,0.032387605
Frozen,Capitella,11,,0.117531403,0.04653389,0.035036261
Frozen,Capitella,10,,0.103213812,0.03585001,0.026522866
Frozen,Capitella,10,,0.10092116,0.044736803,0.031101458
Frozen,Capitella,11,,0.116862534,0.043179913,0.031420508
Frozen,Capitella,7,,0.069161747,0.024590136,0.026154987
Frozen,Capitella,11,,0.113256229,0.037581246,0.032028635
Frozen,Capitella,10,,0.102991458,0.044880653,0.031257174
Frozen,Capitella,7,,0.073181766,0.034744411,0.026231743
Frozen,Capitella,10,,0.099578818,0.037180827,0.026648194
Frozen,Capitella,9,,0.096277553,0.039147218,0.031421654
Frozen,Amphipoda,20,,0.207022098,0.093219761,0.074879732
Frozen,Amphipoda,14,,0.142375467,0.095799081,0.058279966
Frozen,Amphipoda,19,,0.191923403,0.093461882,0.073965518
Frozen,Amphipoda,15,,0.157135859,0.067161895,0.06107462
Frozen,Amphipoda,21,,0.208013812,0.088803522,0.071280549
Frozen,Amphipoda,18,,0.185819569,0.085837054,0.056260697
Frozen,Amphipoda,15,,0.151602628,0.092329944,0.062422721
Frozen,Amphipoda,18,,0.186411505,0.100604633,0.068243747
Frozen,Amphipoda,19,,0.193635633,0.073702159,0.060174537
Frozen,Amphipoda,21,,0.215030782,0.09594357,0.071582709
Frozen,Amphipoda,26,,0.260594495,0.105459579,0.07328166
Frozen,Amphipoda,17,,0.170643503,0.098702819,0.066629861
Frozen,Amphipoda,27,,0.274254995,0.104504606,0.079523988
Frozen,Amphipoda,17,,0.17614561,0.088233244,0.063619158
Frozen,Amphipoda,27,,0.269352037,0.092425906,0.065542134
Frozen,Amphipoda,17,,0.168138123,0.075738967,0.061357303
Frozen,Amphipoda,16,,0.157761187,0.078238416,0.058216243
Frozen,Amphipoda,28,,0.285417088,0.138400307,0.085202783
Frozen,Amphipoda,19,,0.19475598,0.0868855,0.060514963
Frozen,Amphipoda,27,,0.272689287,0.110256127,0.077852973
Frozen,Amphipoda,18,,0.183693888,0.081678186,0.050319158
Frozen,Amphipoda,19,,0.197706854,0.075885846,0.06277724
Frozen,Amphipoda,15,,0.156178193,0.076633802,0.056776658
Frozen,Amphipoda,17,,0.176602914,0.113352251,0.07427843
Frozen,Amphipoda,18,,0.184555982,0.091748287,0.065653356
Frozen,Amphipoda,26,,0.264278217,0.116261576,0.087656795
Frozen,Amphipoda,18,,0.179819004,0.088162468,0.062924742
Frozen,Amphipoda,18,,0.186546126,0.070771034,0.051819541
Frozen,Amphipoda,20,,0.198229371,0.09457485,0.061041849
Frozen,Amphipoda,22,,0.219613921,0.094902929,0.065788551
Frozen,Amphipoda,13,,0.129315458,0.077262296,0.064439317
Frozen,Amphipoda,19,,0.194092656,0.121805058,0.086313319
Frozen,Amphipoda,23,,0.237502076,0.08397531,0.060496633
Frozen,Amphipoda,34,,0.340259629,0.088351931,0.066860115
Frozen,Amphipoda,17,,0.171675576,0.083298171,0.064610532
Frozen,Amphipoda,16,,0.163344069,0.090115662,0.068820263
Frozen,Amphipoda,20,,0.202859241,0.093498486,0.063119156
Frozen,Amphipoda,21,,0.212003828,0.08559533,0.064709275
Frozen,Amphipoda,19,,0.194754841,0.103595871,0.079077146
Frozen,Amphipoda,19,,0.193577043,0.096247379,0.071872042
Frozen,Amphipoda,17,,0.172889311,0.087415872,0.062525329
Frozen,Amphipoda,22,,0.220747741,0.101174073,0.065001389
Frozen,Amphipoda,20,,0.203517537,0.098556991,0.073884736
Frozen,Amphipoda,22,,0.224699097,0.067042072,0.050200831
Frozen,Amphipoda,25,,0.253719912,0.11597118,0.082772959
Frozen,Spisula,34,2.390548573,0.345260588,0.237502414,0.14458278
Frozen,Spisula,35,2.204043934,0.350849231,0.172838994,0.099422523
Frozen,Capitella,11,,0.112343331,0.040701281,0.029178012
Frozen,Capitella,8,,0.078374861,0.033552749,0.026011161
Frozen,Capitella,6,,0.067389842,0.031893054,0.027594165
Frozen,Capitella,12,,0.120651912,0.043279735,0.031857727
Frozen,Capitella,13,,0.136270548,0.04155751,0.034995992
Frozen,Capitella,12,,0.126780621,0.048795752,0.037872067
Frozen,Capitella,11,,0.115876275,0.047467679,0.036672288
Frozen,Capitella,11,,0.113510222,0.041589562,0.03227062
Frozen,Capitella,10,,0.10154306,0.040480497,0.025227768
Frozen,Capitella,8,,0.086023315,0.042597041,0.029892457
Frozen,Capitella,11,,0.111617206,0.042220622,0.028385461
Frozen,Capitella,9,,0.090932271,0.043487634,0.030200577
Frozen,Capitella,9,,0.090652851,0.037295593,0.029506385
Frozen,Capitella,12,,0.124342885,0.037883256,0.029423079
Frozen,Capitella,12,,0.117921648,0.038930218,0.024022125
Frozen,Capitella,13,,0.135156206,0.046767623,0.035766398
Frozen,Capitella,9,,0.089524143,0.037274268,0.027111548
Frozen,Capitella,11,,0.108085561,0.044191107,0.033381236
Frozen,Capitella,11,,0.111983616,0.047301414,0.035735995
Frozen,Capitella,12,,0.11840529,0.046482431,0.03293649
Frozen,Capitella,9,,0.093726971,0.03599641,0.029570318
Frozen,Capitella,8,,0.085796777,0.035406767,0.028283653
Frozen,Capitella,9,,0.094712815,0.041163435,0.033085994
Frozen,Capitella,8,,0.085347031,0.036228875,0.029808215
Frozen,Capitella,10,,0.105730859,0.043237045,0.030731597
Frozen,Capitella,11,,0.114423625,0.046894265,0.035050215
Frozen,Capitella,9,,0.096527952,0.035712928,0.029825504
Frozen,Capitella,9,,0.09072333,0.049802576,0.035696274
Frozen,Capitella,10,,0.103523515,0.042985844,0.034042257
Frozen,Capitella,7,,0.075142298,0.04001031,0.031985888
Frozen,Capitella,5,,0.055021908,0.024414455,0.018949757
Frozen,Capitella,8,,0.081395515,0.026836629,0.022646756
Frozen,Capitella,6,,0.061176867,0.03475429,0.027806524
Frozen,Capitella,10,,0.105117354,0.038874718,0.030753255
Frozen,Capitella,11,,0.111820878,0.043346791,0.032931248
Frozen,Capitella,9,,0.091848695,0.04021645,0.030449301
Frozen,Capitella,8,,0.084954633,0.03971273,0.028225647
Frozen,Capitella,6,,0.061831792,0.033691277,0.029968039
Frozen,Capitella,11,,0.112658131,0.047373041,0.034982618
Frozen,Capitella,12,,0.117623465,0.048388594,0.033522726
Frozen,Capitella,9,,0.095987679,0.038515868,0.027701901
Frozen,Capitella,8,,0.085287035,0.034622151,0.026245231
Frozen,Capitella,14,,0.139593877,0.042250054,0.030203414
Frozen,Capitella,12,,0.122287577,0.045765771,0.035587682
Frozen,Capitella,10,,0.105806083,0.038806469,0.028072919
Frozen,Capitella,9,,0.090672307,0.033455023,0.027758575
Frozen,Capitella,8,,0.08402735,0.049554844,0.034596133
Frozen,Capitella,12,,0.123894986,0.040678999,0.030581486
Frozen,Capitella,12,,0.12548995,0.039632969,0.03015984
Frozen,Capitella,4,,0.038638085,0.027200045,0.026182772
Frozen,Capitella,11,,0.114904839,0.046890231,0.034682894
Frozen,Capitella,11,,0.113295022,0.040304916,0.029670695
Frozen,Capitella,11,,0.114289109,0.051353324,0.03331905
Frozen,Capitella,11,,0.108883278,0.044934943,0.033909063
Frozen,Capitella,10,,0.106604291,0.044276168,0.029757218
Frozen,Amphipoda,17,,0.177684279,0.077833603,0.063560409
Frozen,Amphipoda,18,,0.183217192,0.098122946,0.070045157
Frozen,Amphipoda,28,,0.286110533,0.097294202,0.06903227
Frozen,Amphipoda,24,,0.245493161,0.083075553,0.06905012
Frozen,Amphipoda,16,,0.16507014,0.080599518,0.064570069
Frozen,Amphipoda,18,,0.184693121,0.084212453,0.058471211
Frozen,Amphipoda,22,,0.225330917,0.102383072,0.061738976
Frozen,Amphipoda,22,,0.224166042,0.091402977,0.062695915
Frozen,Amphipoda,19,,0.192931967,0.084873272,0.059835223
Frozen,Amphipoda,28,,0.281761923,0.131964079,0.084417694
Frozen,Amphipoda,24,,0.242235135,0.103168347,0.073765211
Frozen,Amphipoda,16,,0.165427185,0.072978964,0.052715196
Frozen,Amphipoda,27,,0.270507761,0.115074434,0.079509529
Frozen,Amphipoda,20,,0.202819268,0.097068388,0.066803763
Frozen,Amphipoda,17,,0.174256104,0.062407004,0.045981611
Frozen,Amphipoda,18,,0.180262249,0.097624137,0.064079713
Frozen,Amphipoda,27,,0.268414665,0.121079982,0.083812228
Frozen,Amphipoda,23,,0.233902759,0.098877355,0.070876114
Frozen,Amphipoda,10,,0.101457206,0.08398695,0.050211242
Frozen,Amphipoda,17,,0.174375468,0.077326631,0.063136503
Frozen,Amphipoda,19,,0.192425108,0.096314759,0.070132894
Frozen,Amphipoda,14,,0.139679093,0.081525667,0.0619015
Frozen,Amphipoda,19,,0.192162114,0.059823788,0.055253209
Frozen,Amphipoda,19,,0.196868903,0.092415918,0.060438352
Frozen,Amphipoda,14,,0.148398471,0.091852526,0.066665635
Frozen,Amphipoda,22,,0.224652795,0.107128041,0.073973867
Frozen,Amphipoda,17,,0.173425933,0.082152761,0.062506674
Frozen,Amphipoda,19,,0.19634842,0.092758911,0.064388488
Frozen,Amphipoda,18,,0.186790565,0.085897908,0.058472493
Frozen,Amphipoda,20,,0.203677075,0.069247566,0.053381588
Frozen,Amphipoda,24,,0.241294293,0.080469154,0.055748778
Frozen,Amphipoda,17,,0.171585383,0.077932266,0.060693694
Frozen,Amphipoda,21,,0.208768166,0.096983578,0.071766432
Frozen,Amphipoda,20,,0.207135669,0.109985278,0.076413621
Frozen,Amphipoda,13,,0.134264256,0.06907709,0.058738606
Frozen,Amphipoda,12,,0.123383228,0.079041105,0.058095792
Frozen,Amphipoda,36,,0.365163915,0.111285388,0.077307517
Frozen,Amphipoda,20,,0.204642468,0.091271256,0.06012622
Frozen,Amphipoda,20,,0.202112883,0.07923617,0.05364307
Frozen,Amphipoda,22,,0.218381549,0.10812695,0.07282862
Frozen,Amphipoda,14,,0.146275969,0.067685258,0.052434338
Frozen,Amphipoda,23,,0.232368967,0.102438484,0.06486342
Frozen,Amphipoda,22,,0.219344543,0.094331558,0.069755564
Frozen,Amphipoda,18,,0.179273725,0.08512993,0.054933127
Frozen,Amphipoda,14,,0.140931944,0.071372418,0.055634396
Frozen,Amphipoda,23,,0.229012792,0.106743371,0.076325992
Frozen,Amarinus laevis,1,,0.450059164,0.098219927,
Frozen,Spisula,26,1.622502677,0.266722488,0.227157858,0.131437608
Frozen,Spisula,44,2.807216065,0.438832851,0.276370669,0.158728186
Frozen,Spisula,75,4.290380676,0.750799057,0.308248939,0.166723958
Frozen,Spisula,73,4.016968154,0.731876395,0.274555891,0.151258244
Frozen,Spisula,65,3.607175755,0.656835797,0.282357777,0.16133689
Frozen,Spisula,11,0.90367699,0.116588728,0.209558655,0.125380267
Frozen,Spisula,61,3.620204395,0.614375477,0.269554084,0.166661581
Frozen,Spisula,49,3.267996716,0.486999658,0.25574723,0.156884917
Frozen,Amphipoda,17,,0.176041711,0.096013688,0.074373278
Frozen,Amphipoda,17,,0.17412423,0.071622466,0.056044455
Frozen,Amphipoda,27,,0.269445145,0.089654723,0.06817669
Frozen,Amphipoda,22,,0.225475109,0.100317109,0.071363931
Frozen,Amphipoda,17,,0.178093529,0.097580322,0.073950419
Frozen,Capitella,12,,0.119798521,0.039446812,0.026162435
Frozen,Amphipoda,21,,0.217442153,0.095314357,0.075747447
Frozen,Amphipoda,13,,0.132967568,0.096982172,0.071312251
Frozen,Spisula,49,3.099763988,0.489721621,0.247277806,0.149518445
Frozen,Amphipoda,23,,0.23002047,0.096473302,0.072013422
Frozen,Capitella,12,,0.128092875,0.041193081,0.033384792
Frozen,Amphipoda,23,,0.233810709,0.080374188,0.064653904
Frozen,Capitella,10,,0.104154986,0.036788695,0.029537049
Frozen,Amphipoda,12,,0.125270117,0.065928346,0.047579631
Frozen,Capitella,9,,0.093756567,0.041098623,0.03102816
Frozen,Amphipoda,10,,0.09806617,0.094172344,0.055719906
Frozen,Capitella,8,,0.082084791,0.045628176,0.032876823
Frozen,Amphipoda,22,,0.219056362,0.091679986,0.068137141
Frozen,Capitella,11,,0.118568411,0.041366924,0.029577547
Frozen,Amphipoda,21,,0.217429132,0.0780146,0.063705947
Frozen,Capitella,14,,0.138114455,0.04205676,0.034476205
Frozen,Amphipoda,18,,0.186340087,0.082301271,0.052936654
Frozen,Capitella,7,,0.074673517,0.044125475,0.029022872
Frozen,Amphipoda,26,,0.259697758,0.09756484,0.067233354
Frozen,Capitella,7,,0.074679266,0.032336881,0.025040468
Frozen,Amphipoda,28,,0.2866783,0.084149944,0.054788209
Frozen,Capitella,10,,0.100839728,0.036515097,0.028603395
Frozen,Amphipoda,17,,0.169713759,0.077116348,0.056763032
Frozen,Capitella,11,,0.109381205,0.053409238,0.032385808
Frozen,Amphipoda,19,,0.192336541,0.079650953,0.057425554
Frozen,Capitella,11,,0.110467516,0.050869298,0.035972414
Frozen,Amphipoda,17,,0.176853034,0.096063216,0.067393058
Frozen,Capitella,9,,0.094254091,0.030984389,0.025042033
Frozen,Capitella,7,,0.072634024,0.026407791,0.029333654
Frozen,Amphipoda,27,,0.274690219,0.101585863,0.075909412
Frozen,Capitella,9,,0.094118276,0.03689241,0.028058702
Frozen,Amphipoda,19,,0.194009524,0.080555006,0.055480333
Frozen,Capitella,13,,0.136253576,0.046981691,0.035840836
Frozen,Amphipoda,20,,0.201115629,0.086223046,0.071779656
Frozen,Capitella,7,,0.078351068,0.041954751,0.031892839
Frozen,Spisula,37,2.376480492,0.372762906,0.223590051,0.129968174
Frozen,Amphipoda,10,,0.101868562,0.069185498,0.055295236
Frozen,Capitella,10,,0.102857147,0.040982184,0.031968722
Frozen,Capitella,11,,0.111011156,0.046702854,0.032552201
Frozen,Amphipoda,11,,0.109870111,0.071914292,0.066817887
Frozen,Capitella,11,,0.114448906,0.03196239,0.028100919
Frozen,Amphipoda,16,,0.167512478,0.072358853,0.055872332
Frozen,Capitella,10,,0.10155965,0.041349217,0.029045068
Frozen,Capitella,11,,0.109703978,0.033081774,0.025246427
Frozen,Amphipoda,18,,0.187065346,0.073757157,0.057291622
Frozen,Capitella,13,,0.135584734,0.045151447,0.032953334
Frozen,Capitella,11,,0.110568273,0.045301287,0.033331278
Frozen,Capitella,9,,0.093428264,0.030935695,0.023616085
Frozen,Capitella,9,,0.097231185,0.044783694,0.029185101
Frozen,Capitella,9,,0.088692905,0.036659779,0.027521054
Frozen,Amphipoda,16,,0.161228254,0.089386404,0.069015288
Frozen,Capitella,9,,0.089785607,0.039890451,0.028601594
Frozen,Capitella,11,,0.109007435,0.051384927,0.03506366
Frozen,Amphipoda,22,,0.224680966,0.107543216,0.072441831
Frozen,Capitella,10,,0.098683324,0.037964878,0.029273418
Frozen,Capitella,9,,0.092859002,0.033302156,0.028327304
Frozen,Amphipoda,31,,0.311678989,0.133923571,0.079740719
Frozen,Amphipoda,26,,0.264955498,0.115282055,0.075897807
Frozen,Capitella,10,,0.100560051,0.033544814,0.0282116
Frozen,Amphipoda,29,,0.291763679,0.078805278,0.051111497
Frozen,Amarinus laevis,3,,0.191658833,0.113708229,
Frozen,Amphipoda,15,,0.150935457,0.08048775,0.056902339
Frozen,Amphipoda,15,,0.149831732,0.058137499,0.045593369
Frozen,Capitella,10,,0.104011848,0.040412868,0.030126977
Frozen,Amphipoda,26,,0.264504606,0.112083462,0.079034787
Frozen,Amphipoda,17,,0.176269014,0.0838156,0.062988361
Frozen,Amphipoda,14,,0.140470688,0.081961496,0.065355044
Frozen,Capitella,10,,0.105887772,0.041927571,0.034791434
Frozen,Amphipoda,13,,0.136119033,0.0667081,0.047100205
Frozen,Capitella,11,,0.115012173,0.039936231,0.030026759
Frozen,Amphipoda,26,,0.265496192,0.105894794,0.076284158
Frozen,Capitella,9,,0.091036443,0.032208493,0.024344587
Frozen,Amphipoda,13,,0.13544053,0.059983639,0.056932509
Frozen,Spisula,46,2.900130474,0.464722649,0.25609917,0.159090768
Frozen,Capitella,13,,0.133946037,0.051620357,0.035073085
Frozen,Capitella,10,,0.104770901,0.038679657,0.028142457
Frozen,Amphipoda,22,,0.224004733,0.104384471,0.076959622
Frozen,Capitella,8,,0.08519013,0.038715656,0.030449584
Frozen,Spisula,63,3.683877241,0.632344382,0.293363263,0.162405543
Frozen,Amphipoda,16,,0.161403122,0.074740604,0.05215539
Frozen,Capitella,10,,0.106939568,0.041182049,0.031874277
Frozen,Spisula,24,1.813148647,0.245115366,0.178671229,0.101672498
Frozen,Amphipoda,16,,0.164648426,0.093311354,0.056633454
Frozen,Capitella,7,,0.076156685,0.032394118,0.026199419
Frozen,Amphipoda,7,,0.074122804,0.053803375,0.040923158
Frozen,Capitella,12,,0.126287458,0.054105879,0.039014332
Frozen,Capitella,9,,0.096539789,0.035277793,0.024680787
Frozen,Capitella,9,,0.096800614,0.032865068,0.025979022
Frozen,Capitella,12,,0.118997372,0.032330104,0.027606323
Frozen,Amphipoda,25,,0.25447198,0.085554881,0.059416948
Frozen,Amphipoda,19,,0.19823546,0.092849777,0.071189467
Frozen,Amphipoda,15,,0.156006608,0.074134711,0.062105294
Frozen,Amphipoda,26,,0.264720943,0.112099659,0.074423047
Frozen,Capitella,8,,0.081775784,0.029410405,0.027588275
Frozen,Amphipoda,11,,0.114229295,0.072178988,0.063297616
Frozen,Capitella,9,,0.091385464,0.046045436,0.03454809
Frozen,Amphipoda,16,,0.161033389,0.085954103,0.059278739
Frozen,Capitella,9,,0.091533323,0.039141719,0.03214799
Frozen,Spisula,48,2.982134115,0.482169773,0.258565129,0.149166601
Frozen,Amphipoda,29,,0.296249552,0.10106254,0.077336607
Frozen,Capitella,11,,0.112320476,0.045536818,0.033428738
Frozen,Amphipoda,26,,0.261493492,0.109865917,0.077704365
Frozen,Capitella,11,,0.107766584,0.042274438,0.029946242
Frozen,Spisula,47,2.921871586,0.468772916,0.259539068,0.145435157
Frozen,Amphipoda,27,,0.275194245,0.083726664,0.06163387
Frozen,Capitella,7,,0.072519972,0.045657539,0.034217939
Frozen,Capitella,10,,0.09876272,0.0320101,0.028352845
Frozen,Capitella,13,,0.134590843,0.047891564,0.034576125
Frozen,Capitella,11,,0.111674727,0.045681898,0.030994151
Frozen,Amphipoda,17,,0.171082134,0.079307419,0.059972177
Frozen,Amphipoda,30,,0.307227314,0.111923066,0.06735421
Frozen,Amphipoda,21,,0.208647887,0.090244966,0.069129203
Frozen,Amphipoda,15,,0.153315112,0.081853429,0.068753826
Frozen,Amphipoda,25,,0.248801115,0.088444884,0.071101259
Frozen,Amphipoda,22,,0.226525142,0.12176599,0.084751119
Frozen,Amphipoda,19,,0.196016324,0.111246672,0.073774131
Frozen,Amphipoda,27,,0.270160528,0.094702315,0.065842657
Frozen,Capitella,9,,0.09471841,0.040828854,0.03353132
Frozen,Amphipoda,17,,0.169105946,0.083511657,0.065453346
Frozen,Amphipoda,24,,0.244415,0.089441629,0.06237374
Frozen,Capitella,9,,0.088146146,0.043106221,0.034810882
Frozen,Amphipoda,24,,0.24531776,0.088674185,0.067881494
Frozen,Capitella,5,,0.05313478,0.030098634,0.02369761
Frozen,Capitella,9,,0.088110551,0.03670017,0.026006325
Frozen,Amphipoda,25,,0.256819026,0.086531384,0.0517451
Frozen,Capitella,8,,0.086256526,0.030842914,0.028737102
Frozen,Amphipoda,26,,0.264636884,0.085155915,0.064154286
Frozen,Capitella,12,,0.12699961,0.051817593,0.035448646
Frozen,Amphipoda,13,,0.138133527,0.091105738,0.065238523
Frozen,Capitella,9,,0.095994408,0.041064966,0.031477068
Frozen,Amphipoda,24,,0.24229105,0.117113911,0.077352684
Frozen,Capitella,11,,0.116532889,0.042959703,0.033457868
Frozen,Amphipoda,22,,0.222991941,0.100992034,0.070341728
Frozen,Capitella,9,,0.097366749,0.048361669,0.034379217
Frozen,Spisula,66,3.811227319,0.663147862,0.269446084,0.152760343
Frozen,Amphipoda,14,,0.143865345,0.092928621,0.058424513
Frozen,Capitella,10,,0.104494331,0.051867381,0.037530161
Frozen,Spisula,39,2.518600633,0.389254504,0.252596329,0.143610183
Frozen,Amphipoda,18,,0.178453617,0.090175277,0.071315617
Frozen,Spisula,43,2.845305841,0.429927681,0.271035558,0.148590317
Frozen,Amphipoda,22,,0.219194705,0.105539254,0.08079379
Frozen,Capitella,7,,0.070230243,0.037643418,0.027812192
Frozen,Capitella,15,,0.151540637,0.048641783,0.034505836
Frozen,Capitella,7,,0.07547698,0.040301065,0.031465835
Frozen,Capitella,8,,0.086506301,0.034962102,0.027796492
Frozen,Amphipoda,22,,0.219942603,0.095489355,0.071995877
Frozen,Capitella,9,,0.091819902,0.035338968,0.02551968
Frozen,Amphipoda,24,,0.241136202,0.109471613,0.079863296
Frozen,Amphipoda,23,,0.238088319,0.112517938,0.076309215
Frozen,Amphipoda,20,,0.20560254,0.090423532,0.068339242
Frozen,Amphipoda,12,,0.11941603,0.068629185,0.062665173
Frozen,Capitella,9,,0.097780423,0.04173781,0.032452168
Frozen,Amphipoda,15,,0.157583818,0.091471538,0.063221793
Frozen,Amphipoda,22,,0.225706058,0.109847822,0.083490413
Frozen,Amphipoda,17,,0.176757704,0.071293948,0.054175661
Frozen,Amphipoda,23,,0.229903693,0.084806153,0.063424548
Frozen,Amphipoda,26,,0.258084141,0.120339338,0.078089981
Frozen,Capitella,5,,0.049520778,0.027524858,0.022379254
Frozen,Amphipoda,19,,0.197504247,0.094590376,0.054196347
Frozen,Capitella,9,,0.096053666,0.035198754,0.0270576
Frozen,Amphipoda,11,,0.109484473,0.078797555,0.060277367
Frozen,Amphipoda,18,,0.183262522,0.080707578,0.056034778
Frozen,Amphipoda,24,,0.243553087,0.099885912,0.071408776
Frozen,Amphipoda,27,,0.274346808,0.110211152,0.077887802
Frozen,Amphipoda,18,,0.186235701,0.098149996,0.077466248
Frozen,Amphipoda,24,,0.246261788,0.104634073,0.068373835
Frozen,Amphipoda,22,,0.219832729,0.08067539,0.069347322
Frozen,Amphipoda,12,,0.122812319,0.073146773,0.056251546
Frozen,Amphipoda,16,,0.159843475,0.073768784,0.050354158
Frozen,Amphipoda,23,,0.230680293,0.095858212,0.06953295
Frozen,Amphipoda,26,,0.264181875,0.092516383,0.066656038
Frozen,Amphipoda,15,,0.148115513,0.063424227,0.048878044
Frozen,Capitella,8,,0.079289704,0.034929873,0.028666586
Frozen,Amphipoda,19,,0.188672947,0.084255548,0.070003854
Frozen,Capitella,13,,0.132766692,0.043306237,0.034049397
Frozen,Amphipoda,16,,0.160037756,0.077302022,0.069686751
Frozen,Spisula,37,2.583448385,0.371227627,0.257049442,0.149577263
Frozen,Spisula,68,3.919014438,0.682300591,0.286120629,0.16379009
Frozen,Spisula,48,2.71881819,0.480127236,0.248683524,0.140446468
Frozen,Amphipoda,13,,0.131387035,0.071245545,0.058862138
Frozen,Capitella,9,,0.095185404,0.044875833,0.031182646
Frozen,Amphipoda,19,,0.191722553,0.096497836,0.063679648
Frozen,Capitella,12,,0.124887214,0.050605707,0.038284414
Frozen,Amphipoda,14,,0.145466184,0.079489365,0.058735682
Frozen,Capitella,11,,0.112612483,0.048150012,0.034772515
Frozen,Amphipoda,21,,0.213862041,0.092524076,0.066257624
Frozen,Capitella,6,,0.067304568,0.028588952,0.023091821
Frozen,Amphipoda,18,,0.185566401,0.085315443,0.061778928
Frozen,Capitella,16,,0.16014645,0.053865,0.035064354
Frozen,Amphipoda,22,,0.221259219,0.106567084,0.073562898
Frozen,Capitella,9,,0.089921499,0.040372468,0.029221035
Frozen,Amphipoda,25,,0.251082842,0.088592072,0.070753438
Frozen,Capitella,11,,0.113587391,0.046749171,0.034671895
Frozen,Amphipoda,29,,0.296165663,0.116216232,0.078314311
Frozen,Capitella,10,,0.106225442,0.044127946,0.032752994
Frozen,Capitella,10,,0.100608279,0.031855591,0.024061646
Frozen,Amphipoda,24,,0.243399749,0.096374451,0.064746254
Frozen,Capitella,11,,0.113151289,0.031658828,0.022853731
Frozen,Capitella,9,,0.091190296,0.041887621,0.03315086
Frozen,Capitella,7,,0.068435928,0.028107429,0.021436626
Frozen,Capitella,12,,0.125065595,0.045327122,0.036524565
Frozen,Capitella,10,,0.099478816,0.040803721,0.029747718
Frozen,Capitella,7,,0.075736264,0.029065928,0.024698337
Frozen,Capitella,8,,0.087376644,0.039816306,0.026485853
Frozen,Capitella,9,,0.093078114,0.041039722,0.029055473
Frozen,Capitella,8,,0.079849705,0.033580836,0.024670888
Frozen,Capitella,10,,0.099250814,0.040169852,0.027655534
Frozen,Amphipoda,19,,0.193671686,0.076233424,0.060865398
Frozen,Capitella,9,,0.093629522,0.029208824,0.027059117
Frozen,Amphipoda,22,,0.218144658,0.098282174,0.067903169
Frozen,Capitella,10,,0.100284081,0.037105945,0.0318238
Frozen,Capitella,10,,0.09889743,0.042461843,0.031352769
Frozen,Capitella,10,,0.101190781,0.032927557,0.023623029
Frozen,Capitella,8,,0.081326192,0.04202826,0.030826065
Frozen,Capitella,8,,0.082625333,0.034939708,0.025612715
Frozen,Capitella,9,,0.093179391,0.040212587,0.027017182
Frozen,Spisula,35,2.132516228,0.351853227,0.186186958,0.113379942
Frozen,Capitella,9,,0.089415276,0.038554837,0.027728489
Frozen,Capitella,10,,0.10188171,0.043526983,0.033480671
Frozen,Capitella,9,,0.088249893,0.034658881,0.024377016
Frozen,Spisula,51,2.892644502,0.511457666,0.224970451,0.121074112
Frozen,Capitella,11,,0.10985136,0.035535855,0.030956289
Frozen,Amphipoda,17,,0.172081132,0.095963334,0.074656257
Frozen,Amphipoda,19,,0.195278702,0.070649953,0.062839774
Frozen,Amphipoda,10,,0.103267817,0.06294765,0.052584977
Frozen,Capitella,5,,0.054652034,0.038913889,0.030254837
Frozen,Amphipoda,18,,0.18658389,0.086875519,0.060320514
Frozen,Capitella,9,,0.09590536,0.034921781,0.024266598
Frozen,Amphipoda,15,,0.150840948,0.071817228,0.059916122
Frozen,Capitella,12,,0.119361715,0.051633275,0.038690717
Frozen,Amphipoda,25,,0.257039636,0.10695525,0.071206137
Frozen,Capitella,11,,0.113253138,0.043548315,0.031724097
Frozen,Amphipoda,13,,0.137002228,0.080438523,0.06440127
Frozen,Capitella,8,,0.079081386,0.036760612,0.029007049
Frozen,Amphipoda,13,,0.130870273,0.0687232,0.055835515
Frozen,Amphipoda,20,,0.206737206,0.082364415,0.062820157
Frozen,Amphipoda,15,,0.149053856,0.092702633,0.071345157
Frozen,Capitella,12,,0.127551282,0.045075984,0.034078171
Frozen,Amphipoda,19,,0.19173857,0.106926753,0.076039534
Frozen,Amphipoda,17,,0.176683589,0.078712207,0.049726536
Frozen,Capitella,10,,0.103953532,0.040092756,0.029963379
Frozen,Amphipoda,14,,0.146101809,0.096138021,0.073023987
Frozen,Capitella,7,,0.071896098,0.02999741,0.026393262
Frozen,Amphipoda,12,,0.126786632,0.079134035,0.054518394
Frozen,Capitella,11,,0.117338179,0.045416657,0.030298229
Frozen,Amphipoda,20,,0.198394758,0.074295724,0.05708688
Frozen,Capitella,12,,0.123782525,0.041548963,0.030106757
Frozen,Amphipoda,13,,0.128372625,0.062879135,0.050534283
Frozen,Capitella,12,,0.120601662,0.046965605,0.029808556
Frozen,Amphipoda,20,,0.199296854,0.089784818,0.067894914
Frozen,Capitella,11,,0.117846126,0.045020822,0.034724233
Frozen,Amphipoda,20,,0.200452982,0.078284104,0.062181382
Frozen,Capitella,11,,0.112823207,0.041856405,0.030394071
Frozen,Amphipoda,19,,0.195970912,0.078698914,0.057077391
Frozen,Capitella,11,,0.112548452,0.039861817,0.0310287
Frozen,Amphipoda,25,,0.254636413,0.0843404,0.052401457
Frozen,Capitella,9,,0.094294833,0.038436029,0.03068045
Frozen,Amphipoda,20,,0.20509949,0.08060799,0.068435662
Frozen,Capitella,6,,0.063533934,0.034768984,0.028554594
Frozen,Capitella,14,,0.139846738,0.050436554,0.035827845
Frozen,Capitella,9,,0.096219957,0.034822123,0.024818278
Frozen,Capitella,10,,0.09977857,0.034349237,0.027118124
Frozen,Amphipoda,8,,0.07990881,0.05250101,0.048732222
Frozen,Amphipoda,19,,0.193131648,0.105944142,0.073032185
Frozen,Capitella,9,,0.094176818,0.035780904,0.025545873
Frozen,Amphipoda,20,,0.20468388,0.092285122,0.066587104
Frozen,Amphipoda,26,,0.265238842,0.115975048,0.06730637
Frozen,Amphipoda,21,,0.209686722,0.075831844,0.061380716
Frozen,Amphipoda,22,,0.21814216,0.110553319,0.07938647
Frozen,Amphipoda,25,,0.255221255,0.123825465,0.083731736
Frozen,Capitella,12,,0.120339246,0.051324133,0.03269654
Frozen,Amphipoda,19,,0.189689223,0.079188125,0.057593504
Frozen,Capitella,9,,0.096265467,0.035274752,0.029246643
Frozen,Amphipoda,28,,0.28509136,0.113748369,0.080370171
Frozen,Capitella,12,,0.126708755,0.038037455,0.029209261
Frozen,Amphipoda,18,,0.185995721,0.088704519,0.063615076
Frozen,Capitella,12,,0.122295528,0.041169658,0.029847221
Frozen,Amphipoda,20,,0.201827983,0.094708849,0.06483336
Frozen,Amphipoda,16,,0.167801899,0.09282022,0.069000978
Frozen,Capitella,7,,0.074150355,0.039254313,0.028152251
Frozen,Amphipoda,19,,0.194382395,0.069941859,0.052647388
Frozen,Capitella,14,,0.142817453,0.04831149,0.034989393
Frozen,Capitella,11,,0.114371268,0.045623529,0.034162735
Frozen,Capitella,7,,0.069265329,0.043211555,0.030859639
Frozen,Capitella,13,,0.132182104,0.053768118,0.038985507
Frozen,Capitella,9,,0.09550771,0.039227512,0.029482679
Frozen,Amphipoda,24,,0.245761564,0.093059019,0.074232626
Frozen,Amphipoda,16,,0.163423507,0.088676669,0.068749381
Frozen,Amphipoda,19,,0.190649716,0.092430589,0.071400387
Frozen,Amphipoda,24,,0.240031738,0.096160817,0.066825196
Frozen,Amphipoda,11,,0.116803782,0.075395973,0.061691691
Frozen,Amphipoda,23,,0.233303541,0.121526409,0.08473952
Frozen,Amphipoda,24,,0.244378694,0.099741149,0.068256774
Frozen,Amphipoda,18,,0.180133575,0.11754588,0.077554241
Frozen,Capitella,11,,0.108917775,0.051563131,0.034413515
Frozen,Capitella,13,,0.128296896,0.044421554,0.035705381
Frozen,Capitella,10,,0.098374559,0.039217397,0.030946726
Frozen,Capitella,11,,0.112465199,0.044827451,0.034356498
Frozen,Amphipoda,8,,0.079605582,0.056779087,0.050095687
Frozen,Amphipoda,25,,0.249963313,0.106654161,0.078172509
Frozen,Amphipoda,19,,0.188756946,0.089700745,0.062623636
Frozen,Capitella,9,,0.093284526,0.041285712,0.030885976
Frozen,Amphipoda,30,,0.30305078,0.095510684,0.062379407
Frozen,Capitella,9,,0.092238531,0.031657553,0.025518162
Frozen,Amphipoda,24,,0.241391866,0.106042313,0.07301536
Frozen,Capitella,10,,0.103667821,0.033417625,0.027335179
Frozen,Amphipoda,9,,0.091302881,0.076195319,0.060400724
Frozen,Amphipoda,33,,0.334446855,0.096986301,0.068004641
Frozen,Capitella,11,,0.107921164,0.04019548,0.028547704
Frozen,Amphipoda,15,,0.150336301,0.094416117,0.07046122
Frozen,Amphipoda,14,,0.138930998,0.0731281,0.062131784
Frozen,Capitella,13,,0.131471936,0.043072166,0.028935078
Frozen,Capitella,9,,0.091932617,0.038644751,0.025148989
Frozen,Capitella,7,,0.075510823,0.030223794,0.026508194
Frozen,Amphipoda,13,,0.137912775,0.068934441,0.05750436
Frozen,Capitella,10,,0.105267195,0.042024036,0.028713521
Frozen,Amphipoda,23,,0.22916813,0.099638283,0.064715613
Frozen,Amphipoda,12,,0.122092074,0.067252739,0.056232408
Frozen,Amphipoda,26,,0.267244818,0.079532835,0.053657922
Frozen,Capitella,12,,0.121450034,0.037220401,0.029654654
Frozen,Amphipoda,21,,0.211530429,0.093967366,0.061910596
Frozen,Capitella,9,,0.089998169,0.033674249,0.029371422
Frozen,Amphipoda,17,,0.173687575,0.08435342,0.059439396
Frozen,Amphipoda,27,,0.273125167,0.121406472,0.081334183
Frozen,Capitella,7,,0.073543219,0.035540777,0.027771916
Frozen,Amphipoda,19,,0.193995358,0.094498812,0.064924943
Frozen,Amphipoda,13,,0.132104999,0.069042654,0.048416369
Frozen,Amphipoda,23,,0.228850597,0.103765709,0.060546876
Frozen,Amphipoda,23,,0.235673953,0.102454416,0.066979623
Frozen,Amphipoda,19,,0.194202485,0.106399933,0.071184358
Frozen,Amphipoda,21,,0.215619109,0.07542654,0.055919329
Frozen,Amphipoda,13,,0.133638994,0.041766315,0.042374916
Frozen,Amphipoda,16,,0.166997727,0.082885802,0.066382468
Frozen,Capitella,10,,0.101360184,0.038251585,0.028678072
Frozen,Amphipoda,22,,0.218557369,0.090011979,0.071842566
Frozen,Capitella,9,,0.092414491,0.036194039,0.030635013
Frozen,Amphipoda,28,,0.284813193,0.119975591,0.080338825
Frozen,Amphipoda,17,,0.171615978,0.07448377,0.057905381
Frozen,Capitella,9,,0.09280677,0.035494253,0.027199131
Frozen,Amphipoda,15,,0.152005513,0.092989431,0.074099728
Frozen,Amphipoda,20,,0.20619492,0.077035371,0.056265522
Frozen,Capitella,12,,0.120066797,0.033228741,0.028295232
Frozen,Amphipoda,20,,0.204556239,0.084893283,0.063302558
Frozen,Amphipoda,26,,0.264546954,0.093229847,0.062322579
Frozen,Capitella,7,,0.071640749,0.040804635,0.028795768
Frozen,Amphipoda,23,,0.237573463,0.105053188,0.06937014
Frozen,Amphipoda,23,,0.229251072,0.102872819,0.073262976
Frozen,Amphipoda,12,,0.126494636,0.081624457,0.057466029
Frozen,Amphipoda,15,,0.156212464,0.079681451,0.058010546
Frozen,Capitella,10,,0.101336245,0.03603786,0.028423599
Frozen,Amphipoda,20,,0.199055872,0.112965151,0.074061109
Frozen,Capitella,6,,0.067653131,0.035701819,0.026272328
Frozen,Capitella,11,,0.109188625,0.036122675,0.02742629
Frozen,Capitella,7,,0.071988812,0.036030622,0.029821848
Frozen,Capitella,9,,0.094726234,0.042583903,0.035840628
Frozen,Capitella,9,,0.094088381,0.041098199,0.032254935
Frozen,Capitella,9,,0.093137702,0.047833356,0.031077574
Frozen,Capitella,11,,0.117013888,0.04828315,0.03293283
Frozen,Amphipoda,16,,0.160517255,0.054743765,0.049308164
Frozen,Capitella,10,,0.104942572,0.042585957,0.030960781
Frozen,Amphipoda,21,,0.213673301,0.083209151,0.057040678
Frozen,Amphipoda,12,,0.118013774,0.091800837,0.065241274
Frozen,Capitella,11,,0.107679858,0.036442976,0.029511498
Frozen,Amphipoda,10,,0.102148291,0.058058168,0.043210111
Frozen,Capitella,15,,0.152928378,0.039107418,0.031970999
Frozen,Amphipoda,18,,0.180094971,0.095198713,0.064837443
Frozen,Capitella,10,,0.105597925,0.03832221,0.032376599
Frozen,Amphipoda,15,,0.153797208,0.077794005,0.059960663
Frozen,Amphipoda,17,,0.174980515,0.09419784,0.056809708
Frozen,Amphipoda,20,,0.201811026,0.095247118,0.065776009
Frozen,Amphipoda,24,,0.239600981,0.086278047,0.052033122
Frozen,Amphipoda,9,,0.096472754,0.050177806,0.041224476
Frozen,Amphipoda,12,,0.127506902,0.110438698,0.077720574
Frozen,Amphipoda,19,,0.189783393,0.084240829,0.059656693
Frozen,Capitella,13,,0.136215834,0.038202469,0.027549002
Frozen,Amphipoda,19,,0.19227323,0.071505027,0.053444005
Frozen,Amphipoda,17,,0.175825459,0.075542315,0.057740227
Frozen,Capitella,6,,0.065793618,0.024247455,0.019614943
Frozen,Amphipoda,22,,0.226230714,0.096528564,0.062022617
Frozen,Amphipoda,16,,0.162882715,0.078886309,0.052314951
Frozen,Capitella,12,,0.12145813,0.042547519,0.031715913
Frozen,Amphipoda,34,,0.339976605,0.138954617,0.089446585
Frozen,Amphipoda,25,,0.254474985,0.108340598,0.070843053
Frozen,Capitella,8,,0.084129078,0.036562494,0.027250058
Frozen,Amphipoda,21,,0.213198877,0.106445011,0.069437832
Frozen,Amphipoda,29,,0.287638692,0.121968376,0.078399656
Frozen,Capitella,10,,0.106635612,0.041711894,0.028644625
Frozen,Amphipoda,17,,0.169848464,0.082122591,0.06089679
Frozen,Amphipoda,12,,0.123616571,0.050372077,0.035859386
Frozen,Capitella,14,,0.14141489,0.048472537,0.036250524
Frozen,Amphipoda,16,,0.166931875,0.058319353,0.049186598
Frozen,Amphipoda,31,,0.310675741,0.114139965,0.077552686
Frozen,Capitella,10,,0.104279142,0.038964574,0.027495485
Frozen,Amphipoda,15,,0.148984041,0.078804766,0.06675729
Frozen,Amphipoda,16,,0.162625963,0.092201091,0.060653042
Frozen,Capitella,11,,0.108951128,0.042041174,0.032264861
Frozen,Amphipoda,20,,0.203697681,0.083809405,0.062938898
Frozen,Amphipoda,20,,0.206811316,0.077463748,0.056289478
Frozen,Capitella,9,,0.093628003,0.044389626,0.030313722
Frozen,Amphipoda,23,,0.236389196,0.071632969,0.054218928
Frozen,Capitella,12,,0.126239962,0.045096522,0.03322831
Frozen,Capitella,9,,0.092199696,0.035739742,0.026779258
Frozen,Amphipoda,17,,0.176477421,0.077441313,0.058860118
Frozen,Capitella,8,,0.078451471,0.037886035,0.029867039
Frozen,Capitella,11,,0.115401494,0.049597041,0.036876746
Frozen,Spisula,80,4.58828061,0.806131097,0.260718574,0.148242791
Frozen,Capitella,9,,0.092554399,0.033649716,0.031669598
Frozen,Amphipoda,19,,0.195562876,0.080338995,0.059332331
Frozen,Capitella,8,,0.081594744,0.036006809,0.02491476
Frozen,Capitella,11,,0.112982861,0.042927889,0.032009515
Frozen,Spisula,82,4.490932099,0.821424573,0.292128331,0.170683688
Frozen,Capitella,9,,0.098428258,0.034914989,0.027380205
Frozen,Spisula,77,4.265857518,0.77103612,0.357975383,0.205594624
Frozen,Capitella,13,,0.13233059,0.045502045,0.035307356
Frozen,Spisula,55,3.264735067,0.552904876,0.252415582,0.14795363
Frozen,Capitella,10,,0.107129867,0.043036145,0.030113901
Frozen,Spisula,56,3.335417088,0.567002276,0.252874779,0.154008223
Frozen,Capitella,10,,0.103812751,0.043707461,0.032137912
Frozen,Spisula,56,3.172434357,0.566631284,0.282751422,0.164990501
Frozen,Capitella,9,,0.097165321,0.039615629,0.030243239
Frozen,Spisula,31,1.987574613,0.31597898,0.22437873,0.131832744
Frozen,Amphipoda,20,,0.200661246,0.089433654,0.067976048
Frozen,Capitella,10,,0.101133591,0.034940713,0.028009561
Frozen,Spisula,21,1.630974591,0.215316631,0.195546545,0.123121567
Frozen,Capitella,10,,0.101987033,0.04234697,0.029996341
Frozen,Capitella,8,,0.085695592,0.03324602,0.027654774
Frozen,Spisula,40,2.379151985,0.398012044,0.22603838,0.130205607
Frozen,Capitella,10,,0.105308425,0.042782372,0.031754071
Frozen,Spisula,47,2.791316635,0.468958437,0.215932544,0.121971967
Frozen,Capitella,8,,0.087123529,0.030966906,0.025586945
Frozen,Spisula,45,2.553599793,0.450011922,0.236812227,0.136899981
Frozen,Capitella,9,,0.095794963,0.046959986,0.032987342
Frozen,Spisula,31,2.149215071,0.317356533,0.230448846,0.143783343
Frozen,Amphipoda,28,,0.287376138,0.099298814,0.073026706
Frozen,Amphipoda,17,,0.17057495,0.072604872,0.063934044
Ethanol,Amphipoda,18,,0.181565374,0.088869179,0.066130571
Ethanol,Amphipoda,17,,0.171685721,0.074358466,0.054943226
Ethanol,Amphipoda,21,,0.210206544,0.10583615,0.078621262
Ethanol,Amphipoda,27,,0.27653042,0.106104807,0.07774465
Ethanol,Amphipoda,15,,0.154822404,0.060263816,0.044642215
Ethanol,Amphipoda,19,,0.18982343,0.095240945,0.075150861
Ethanol,Amphipoda,29,,0.28975916,0.105612632,0.073851196
Ethanol,Amphipoda,23,,0.237573498,0.087120862,0.066031902
Ethanol,Amphipoda,14,,0.138994527,0.064402874,0.052708884
Ethanol,Amphipoda,22,,0.22629284,0.102150644,0.06372815
Ethanol,Amphipoda,19,,0.198453128,0.070323817,0.055942957
Ethanol,Amphipoda,27,,0.270617644,0.103333207,0.069470263
Ethanol,Amphipoda,25,,0.251054486,0.08884994,0.064898248
Ethanol,Amphipoda,26,,0.262614828,0.077916795,0.063956176
Ethanol,Amphipoda,22,,0.226081875,0.100295566,0.076237706
Ethanol,Amphipoda,22,,0.221696816,0.085528692,0.071820909
Ethanol,Amphipoda,17,,0.177046224,0.069335681,0.055155348
Ethanol,Capitella,6,,0.06147424,0.034585745,0.033275183
Ethanol,Amphipoda,19,,0.192394397,0.092983253,0.057212272
Ethanol,Capitella,10,,0.098995834,0.047304081,0.031290184
Ethanol,Spisula,44,2.734924088,0.442371051,0.27066837,0.155436682
Ethanol,Amphipoda,19,,0.197826014,0.09129114,0.071923093
Ethanol,Capitella,9,,0.093771284,0.040421938,0.030851426
Ethanol,Amphipoda,25,,0.250383111,0.107919733,0.072387676
Ethanol,Capitella,12,,0.119669642,0.043408359,0.029637247
Ethanol,Capitella,12,,0.119431533,0.046565254,0.031624988
Ethanol,Amphipoda,15,,0.149788263,0.074859292,0.061376411
Ethanol,Amphipoda,22,,0.221274204,0.098349504,0.070916635
Ethanol,Capitella,8,,0.079827665,0.034333637,0.028101795
Ethanol,Amphipoda,26,,0.261884507,0.076203532,0.060778267
Ethanol,Capitella,12,,0.11810073,0.044394846,0.036251665
Ethanol,Amphipoda,29,,0.292442737,0.107924696,0.067330143
Ethanol,Capitella,15,,0.148842287,0.039410734,0.029822576
Ethanol,Amphipoda,21,,0.217985062,0.106592006,0.069941773
Ethanol,Capitella,11,,0.113918126,0.045652814,0.035140266
Ethanol,Amphipoda,15,,0.156172341,0.076456442,0.062534987
Ethanol,Capitella,9,,0.097704559,0.038356315,0.033838273
Ethanol,Capitella,9,,0.096425108,0.033066904,0.025571312
Ethanol,Amphipoda,26,,0.265217482,0.094779695,0.072215019
Ethanol,Capitella,7,,0.076446173,0.038768265,0.027980562
Ethanol,Capitella,14,,0.143344347,0.05101457,0.037425181
Ethanol,Capitella,10,,0.102868002,0.041819571,0.027766754
Ethanol,Spisula,37,2.538659533,0.377234294,0.175415739,0.112607487
Ethanol,Capitella,11,,0.108843679,0.046282865,0.028410631
Ethanol,Spisula,34,2.087959458,0.345498209,0.243548668,0.143988678
Ethanol,Amphipoda,23,,0.233017093,0.069583325,0.056482069
Ethanol,Capitella,10,,0.09923305,0.038291219,0.030813779
Ethanol,Capitella,10,,0.099365734,0.032615363,0.023953149
Ethanol,Spisula,48,2.997366395,0.486179783,0.269715432,0.150964832
Ethanol,Capitella,10,,0.104045104,0.041451236,0.029175226
Ethanol,Amphipoda,19,,0.195730144,0.092220636,0.064191638
Ethanol,Capitella,9,,0.095222629,0.041140969,0.031814295
Ethanol,Amphipoda,24,,0.246741593,0.111346318,0.077890354
Ethanol,Spisula,54,3.035432603,0.546233294,0.22036713,0.127571643
Ethanol,Capitella,8,,0.084223497,0.035532069,0.026780178
Ethanol,Spisula,46,2.854158109,0.464886959,0.254420234,0.149730671
Ethanol,Amphipoda,21,,0.20848416,0.081284628,0.056257786
Ethanol,Capitella,11,,0.110110644,0.034436753,0.028971917
Ethanol,Capitella,9,,0.094284419,0.037309526,0.027584728
Ethanol,Capitella,9,,0.090562862,0.028889177,0.028995537
Ethanol,Spisula,51,2.822730421,0.513144524,0.257952312,0.148470161
Ethanol,Capitella,8,,0.082585615,0.041451356,0.033264077
Ethanol,Spisula,71,4.268445796,0.710729933,0.278807568,0.157056937
Ethanol,Capitella,9,,0.094517611,0.037285349,0.030521966
Ethanol,Spisula,65,3.659249846,0.65344299,0.268730429,0.157195824
Ethanol,Capitella,9,,0.089673733,0.046071974,0.033397514
Ethanol,Spisula,30,2.124247172,0.302936409,0.218905986,0.133106915
Ethanol,Capitella,12,,0.120950841,0.037916149,0.031442759
Ethanol,Spisula,51,3.072886086,0.515217103,0.268142011,0.146549109
Ethanol,Capitella,11,,0.108967836,0.044104466,0.029675577
Ethanol,Spisula,43,2.663915162,0.429186384,0.272283161,0.151899332
Ethanol,Capitella,9,,0.091998157,0.029038446,0.023497886
Ethanol,Spisula,46,2.882727622,0.461655033,0.20354756,0.125161974
Ethanol,Capitella,8,,0.08748648,0.042771739,0.030886287
Ethanol,Spisula,77,4.283306971,0.770651058,0.33084882,0.181561766
Ethanol,Capitella,12,,0.119890654,0.038861088,0.02620271
Ethanol,Capitella,10,,0.104191221,0.041624592,0.029145622
Ethanol,Capitella,12,,0.120447779,0.052308031,0.03445373
Ethanol,Capitella,12,,0.120351683,0.036477986,0.029454042
Ethanol,Capitella,9,,0.089420311,0.03349858,0.025649618
Ethanol,Capitella,6,,0.066441933,0.030428686,0.024571984
Ethanol,Capitella,8,,0.087957346,0.038471167,0.026599233
Ethanol,Capitella,10,,0.099200347,0.040159356,0.029355479
Ethanol,Capitella,12,,0.118730913,0.034768254,0.029083299
Ethanol,Capitella,12,,0.120157658,0.034556151,0.025561378
Ethanol,Amphipoda,13,,0.134703198,0.07177616,0.056455578
Ethanol,Capitella,11,,0.109954519,0.043382353,0.034680794
Ethanol,Capitella,8,,0.081458166,0.037385863,0.028446983
Ethanol,Amphipoda,16,,0.165943748,0.091330896,0.058848195
Ethanol,Amphipoda,22,,0.228020212,0.101301288,0.069720867
Ethanol,Capitella,9,,0.097470906,0.035789874,0.028891895
Ethanol,Amphipoda,28,,0.285842645,0.106228739,0.072434094
Ethanol,Amphipoda,24,,0.247768243,0.087256429,0.06270341
Ethanol,Amphipoda,13,,0.13425428,0.075596387,0.043117286
Ethanol,Capitella,8,,0.084155376,0.034374568,0.025936675
Ethanol,Amphipoda,16,,0.166891484,0.059235543,0.052001655
Ethanol,Capitella,7,,0.072968414,0.039840955,0.030456233
Ethanol,Amphipoda,25,,0.255702392,0.093408261,0.062689593
Ethanol,Capitella,14,,0.137488561,0.043356942,0.032081875
Ethanol,Amphipoda,26,,0.261405983,0.098558052,0.068369662
Ethanol,Capitella,10,,0.10247887,0.036392339,0.03122057
Ethanol,Amphipoda,12,,0.121488727,0.084003513,0.061243252
Ethanol,Capitella,14,,0.141963133,0.041778535,0.031879907
Ethanol,Amphipoda,16,,0.167472965,0.082634416,0.058637741
Ethanol,Capitella,9,,0.096121797,0.042834533,0.034801652
Ethanol,Amphipoda,23,,0.233739328,0.097374276,0.067691487
Ethanol,Capitella,8,,0.080302534,0.032350157,0.025294442
Ethanol,Amphipoda,21,,0.215236686,0.089560673,0.061392997
Ethanol,Capitella,9,,0.096325776,0.041065844,0.031133518
Ethanol,Capitella,10,,0.105168925,0.039104264,0.029031535
Ethanol,Capitella,7,,0.07125124,0.031310127,0.024148464
Ethanol,Capitella,10,,0.106081744,0.036809839,0.030052653
Ethanol,Capitella,9,,0.091293247,0.044542626,0.034249615
Ethanol,Capitella,13,,0.128905961,0.038444549,0.025858576
Ethanol,Capitella,11,,0.116565543,0.037528316,0.030012054
Ethanol,Capitella,10,,0.09945448,0.040485356,0.028655192
Ethanol,Capitella,14,,0.140406494,0.048998062,0.035174869
Ethanol,Capitella,10,,0.099044011,0.028749928,0.026731048
Ethanol,Capitella,8,,0.079814197,0.03578432,0.029426074
Ethanol,Capitella,8,,0.086503516,0.039059376,0.029475821
Ethanol,Capitella,10,,0.105452657,0.033069742,0.02648569
Ethanol,Capitella,8,,0.07945846,0.028016091,0.022768631
Ethanol,Capitella,10,,0.103921839,0.040284832,0.028071662
Ethanol,Amphipoda,16,,0.162376866,0.074503995,0.045048833
Ethanol,Capitella,13,,0.130553286,0.039912103,0.031402365
Ethanol,Amphipoda,15,,0.151494933,0.078043386,0.059678994
Ethanol,Capitella,9,,0.094702609,0.038356148,0.026744228
Ethanol,Amphipoda,18,,0.18754193,0.095007371,0.068000875
Ethanol,Capitella,7,,0.07172245,0.036355376,0.025226325
Ethanol,Amphipoda,28,,0.283334724,0.086341814,0.063113651
Ethanol,Capitella,10,,0.101631003,0.040534359,0.030401914
Ethanol,Amphipoda,16,,0.167507083,0.089562055,0.055579297
Ethanol,Capitella,9,,0.094495817,0.036575206,0.029476695
Ethanol,Amphipoda,19,,0.188632208,0.102445894,0.074438593
Ethanol,Capitella,9,,0.096561969,0.029989143,0.025952267
Ethanol,Amphipoda,15,,0.149984306,0.092914494,0.064074146
Ethanol,Capitella,9,,0.095044842,0.034263069,0.027480561
Ethanol,Amphipoda,18,,0.180157652,0.09306355,0.060554287
Ethanol,Capitella,11,,0.111596715,0.047720313,0.034448288
Ethanol,Amphipoda,19,,0.189966185,0.099939323,0.065496745
Ethanol,Capitella,7,,0.072416495,0.038539176,0.028623748
Ethanol,Amphipoda,15,,0.152944595,0.069614905,0.05094031
Ethanol,Capitella,9,,0.095746776,0.04093819,0.030419788
Ethanol,Amphipoda,21,,0.216498625,0.088793758,0.06005396
Ethanol,Capitella,12,,0.126179276,0.041067581,0.032176952
Ethanol,Amphipoda,28,,0.281211743,0.083179138,0.062395462
Ethanol,Capitella,10,,0.107649987,0.031762512,0.028834191
Ethanol,Amphipoda,15,,0.158135323,0.065976323,0.058065481
Ethanol,Capitella,10,,0.103113705,0.041961925,0.033130496
Ethanol,Amphipoda,15,,0.156543765,0.077246047,0.052699382
Ethanol,Capitella,10,,0.103659874,0.035625351,0.025555783
Ethanol,Amphipoda,25,,0.254754852,0.106879078,0.07314707
Ethanol,Spisula,37,2.679805313,0.369708764,0.19991303,0.113859503
Ethanol,Spisula,48,2.875461914,0.485440691,0.220664629,0.130599603
Ethanol,Spisula,39,2.282096361,0.395963692,0.280006488,0.159367391
Ethanol,Spisula,60,3.66099868,0.606908157,0.263173465,0.146780281
Ethanol,Spisula,26,2.060109659,0.261575031,0.163851902,0.114266246
Ethanol,Spisula,41,2.544800924,0.409453187,0.264591278,0.145395492
Ethanol,Spisula,53,3.214177659,0.527979224,0.253250996,0.146493714
Ethanol,Spisula,60,3.398271077,0.603820971,0.266516404,0.157940226
Ethanol,Spisula,47,2.697024065,0.474788193,0.265923118,0.147011589
Ethanol,Spisula,52,2.958348306,0.524609058,0.215887493,0.11627542
Formalin,Capitella,12,,0.124443221,0.047824539,0.033128826
Formalin,Capitella,6,,0.067964988,0.024205463,0.024111971
Formalin,Capitella,9,,0.088421828,0.043531354,0.032389585
Formalin,Capitella,6,,0.064069832,0.030519471,0.025324944
Formalin,Capitella,11,,0.115585399,0.040658321,0.030037261
Formalin,Capitella,7,,0.070377761,0.027831997,0.024991695
Formalin,Capitella,11,,0.112517173,0.047912086,0.035181571
Formalin,Spisula,38,2.332510937,0.386324089,0.216177458,0.132026785
Formalin,Capitella,12,,0.118314295,0.035680314,0.029854161
Formalin,Capitella,9,,0.09705506,0.038756034,0.03401722
Formalin,Spisula,46,2.752530933,0.465444251,0.268720446,0.152818885
Formalin,Capitella,7,,0.073228022,0.042732879,0.034986105
Formalin,Capitella,12,,0.118802174,0.041140216,0.029877786
Formalin,Capitella,6,,0.065485378,0.032882997,0.026056311
Formalin,Capitella,9,,0.092042453,0.039963625,0.029158366
Formalin,Capitella,8,,0.083011648,0.03166731,0.02289868
Formalin,Capitella,10,,0.108033617,0.034602663,0.027236405
Formalin,Capitella,10,,0.108148745,0.043743067,0.031522923
Formalin,Capitella,10,,0.098959993,0.048965707,0.03437464
Formalin,Capitella,13,,0.131183279,0.036772404,0.028813869
Formalin,Capitella,10,,0.106600555,0.041311578,0.032645901
Formalin,Capitella,10,,0.1051807,0.02983386,0.023934082
Formalin,Capitella,8,,0.079892909,0.03734452,0.030265664
Formalin,Capitella,8,,0.078745138,0.028005804,0.025408989
Formalin,Capitella,7,,0.068234681,0.040009667,0.030468427
Formalin,Amphipoda,27,,0.27188861,0.098064209,0.068286232
Formalin,Amphipoda,14,,0.142734063,0.07379798,0.054163442
Formalin,Amphipoda,23,,0.229696038,0.091707602,0.063446777
Formalin,Amphipoda,23,,0.230091036,0.096075977,0.067112536
Formalin,Amphipoda,26,,0.262390337,0.111618332,0.080097984
Formalin,Amphipoda,21,,0.216944152,0.079009057,0.064826191
Formalin,Amphipoda,20,,0.205016612,0.083936365,0.05802437
Formalin,Amphipoda,20,,0.206284237,0.096214195,0.073244582
Formalin,Amphipoda,20,,0.203381237,0.113927447,0.077992218
Formalin,Amphipoda,28,,0.287481365,0.111536363,0.069657215
Formalin,Amphipoda,23,,0.228765345,0.0876569,0.069227443
Formalin,Amphipoda,26,,0.261461369,0.098043331,0.0576827
Formalin,Amphipoda,20,,0.203775389,0.092985104,0.066361844
Formalin,Amphipoda,23,,0.229859432,0.081536344,0.063893349
Formalin,Amphipoda,28,,0.284339538,0.108286997,0.073707806
Formalin,Amphipoda,27,,0.274543852,0.087266534,0.062841367
